sentiment_type,count,percentage,total_likes,avg_likes
Negative,137,55.020080321285135,1480,10.802919708029197
Neutral,83,33.33333333333333,587,7.072289156626506
Positive,29,11.646586345381527,181,6.241379310344827
